{"cameraMode":{"drawMode":0,"name":"Shaded","section":"Shading Mode"},"sceneLighting":true,"audioPlay":false,"sceneViewState":{"showFog":true,"showMaterialUpdate":false,"showSkybox":true,"showFlares":true,"showImageEffects":true,"showParticleSystems":true},"in2DMode":false,"pivot":{"x":13.960622787475586,"y":30.251333236694337,"z":-28.261173248291017},"rotation":{"x":0.10362416505813599,"y":0.003292512847110629,"z":-0.00034700374817475677,"w":0.9946250319480896},"size":197.84446716308595,"orthographic":false}