{"cameraMode":{"drawMode":0,"name":"Shaded","section":"Shading Mode"},"sceneLighting":true,"audioPlay":false,"sceneViewState":{"showFog":true,"showMaterialUpdate":false,"showSkybox":true,"showFlares":true,"showImageEffects":true,"showParticleSystems":true},"in2DMode":false,"pivot":{"x":470.83917236328127,"y":333.2564392089844,"z":-36.03337860107422},"rotation":{"x":0.020680127665400506,"y":0.029086703434586526,"z":0.0006093599367886782,"w":-0.9993776679039002},"size":885.901611328125,"orthographic":false}