{"cameraMode":{"drawMode":0,"name":"Shaded","section":"Shading Mode"},"sceneLighting":true,"audioPlay":false,"sceneViewState":{"showFog":true,"showMaterialUpdate":false,"showSkybox":true,"showFlares":true,"showImageEffects":true,"showParticleSystems":true},"in2DMode":false,"pivot":{"x":5.674864768981934,"y":0.7191410064697266,"z":-0.11209869384765625},"rotation":{"x":-0.12114886194467545,"y":0.07645083218812943,"z":-0.00935669057071209,"w":-0.9896473288536072},"size":92.69818878173828,"orthographic":false}